Start Week,End Week,MMWRyear,MMWRweek,Jurisdiction,Age Group,COVID-19 Deaths,Pneumonia Deaths,Influenza Deaths
12/29/2019,01/04/2020,2020,1,United States,All Ages,0.0,4102.0,432.0
12/29/2019,01/04/2020,2020,1,United States,0-17 years,0.0,19.0,22.0
12/29/2019,01/04/2020,2020,1,United States,18-64 years,0.0,767.0,183.0
12/29/2019,01/04/2020,2020,1,United States,65 years and over,0.0,3316.0,227.0
01/05/2020,01/11/2020,2020,2,United States,All Ages,1.0,4137.0,472.0
01/05/2020,01/11/2020,2020,2,United States,0-17 years,0.0,25.0,14.0
01/05/2020,01/11/2020,2020,2,United States,18-64 years,0.0,756.0,186.0
01/05/2020,01/11/2020,2020,2,United States,65 years and over,1.0,3356.0,272.0
01/12/2020,01/18/2020,2020,3,United States,All Ages,2.0,4057.0,465.0
01/12/2020,01/18/2020,2020,3,United States,0-17 years,0.0,23.0,12.0
01/12/2020,01/18/2020,2020,3,United States,18-64 years,0.0,796.0,186.0
01/12/2020,01/18/2020,2020,3,United States,65 years and over,2.0,3238.0,267.0
01/19/2020,01/25/2020,2020,4,United States,All Ages,3.0,3905.0,498.0
01/19/2020,01/25/2020,2020,4,United States,0-17 years,0.0,18.0,16.0
01/19/2020,01/25/2020,2020,4,United States,18-64 years,2.0,790.0,193.0
01/19/2020,01/25/2020,2020,4,United States,65 years and over,1.0,3097.0,289.0
01/26/2020,02/01/2020,2020,5,United States,All Ages,0.0,3810.0,480.0
01/26/2020,02/01/2020,2020,5,United States,0-17 years,0.0,15.0,17.0
01/26/2020,02/01/2020,2020,5,United States,18-64 years,0.0,705.0,184.0
01/26/2020,02/01/2020,2020,5,United States,65 years and over,0.0,3090.0,279.0
02/02/2020,02/08/2020,2020,6,United States,All Ages,4.0,3816.0,519.0
02/02/2020,02/08/2020,2020,6,United States,0-17 years,0.0,27.0,17.0
02/02/2020,02/08/2020,2020,6,United States,18-64 years,3.0,697.0,207.0
02/02/2020,02/08/2020,2020,6,United States,65 years and over,1.0,3092.0,295.0
02/09/2020,02/15/2020,2020,7,United States,All Ages,6.0,3839.0,560.0
02/09/2020,02/15/2020,2020,7,United States,0-17 years,0.0,15.0,24.0
02/09/2020,02/15/2020,2020,7,United States,18-64 years,2.0,775.0,198.0
02/09/2020,02/15/2020,2020,7,United States,65 years and over,4.0,3049.0,338.0
02/16/2020,02/22/2020,2020,8,United States,All Ages,6.0,3711.0,566.0
02/16/2020,02/22/2020,2020,8,United States,0-17 years,0.0,19.0,13.0
02/16/2020,02/22/2020,2020,8,United States,18-64 years,2.0,725.0,187.0
02/16/2020,02/22/2020,2020,8,United States,65 years and over,4.0,2967.0,366.0
02/23/2020,02/29/2020,2020,9,United States,All Ages,9.0,3837.0,655.0
02/23/2020,02/29/2020,2020,9,United States,0-17 years,0.0,23.0,18.0
02/23/2020,02/29/2020,2020,9,United States,18-64 years,4.0,756.0,222.0
02/23/2020,02/29/2020,2020,9,United States,65 years and over,5.0,3058.0,415.0
03/01/2020,03/07/2020,2020,10,United States,All Ages,38.0,3976.0,634.0
03/01/2020,03/07/2020,2020,10,United States,0-17 years,0.0,18.0,8.0
03/01/2020,03/07/2020,2020,10,United States,18-64 years,7.0,742.0,219.0
03/01/2020,03/07/2020,2020,10,United States,65 years and over,31.0,3216.0,407.0
03/08/2020,03/14/2020,2020,11,United States,All Ages,60.0,3971.0,625.0
03/08/2020,03/14/2020,2020,11,United States,0-17 years,0.0,14.0,14.0
03/08/2020,03/14/2020,2020,11,United States,18-64 years,9.0,761.0,186.0
03/08/2020,03/14/2020,2020,11,United States,65 years and over,51.0,3196.0,425.0
03/15/2020,03/21/2020,2020,12,United States,All Ages,586.0,4543.0,558.0
03/15/2020,03/21/2020,2020,12,United States,0-17 years,2.0,25.0,7.0
03/15/2020,03/21/2020,2020,12,United States,18-64 years,136.0,909.0,151.0
03/15/2020,03/21/2020,2020,12,United States,65 years and over,448.0,3609.0,400.0
03/22/2020,03/28/2020,2020,13,United States,All Ages,3211.0,6169.0,445.0
03/22/2020,03/28/2020,2020,13,United States,0-17 years,4.0,12.0,4.0
03/22/2020,03/28/2020,2020,13,United States,18-64 years,881.0,1277.0,149.0
03/22/2020,03/28/2020,2020,13,United States,65 years and over,2326.0,4880.0,292.0
03/29/2020,04/04/2020,2020,14,United States,All Ages,10113.0,9911.0,476.0
03/29/2020,04/04/2020,2020,14,United States,0-17 years,3.0,18.0,0.0
03/29/2020,04/04/2020,2020,14,United States,18-64 years,2569.0,2149.0,176.0
03/29/2020,04/04/2020,2020,14,United States,65 years and over,7541.0,7744.0,300.0
04/05/2020,04/11/2020,2020,15,United States,All Ages,16306.0,11988.0,473.0
04/05/2020,04/11/2020,2020,15,United States,0-17 years,5.0,12.0,0.0
04/05/2020,04/11/2020,2020,15,United States,18-64 years,3477.0,2435.0,173.0
04/05/2020,04/11/2020,2020,15,United States,65 years and over,12824.0,9541.0,300.0
04/12/2020,04/18/2020,2020,16,United States,All Ages,17201.0,11405.0,263.0
04/12/2020,04/18/2020,2020,16,United States,0-17 years,0.0,7.0,0.0
04/12/2020,04/18/2020,2020,16,United States,18-64 years,3242.0,2272.0,73.0
04/12/2020,04/18/2020,2020,16,United States,65 years and over,13959.0,9126.0,190.0
04/19/2020,04/25/2020,2020,17,United States,All Ages,15525.0,10369.0,143.0
04/19/2020,04/25/2020,2020,17,United States,0-17 years,5.0,8.0,2.0
04/19/2020,04/25/2020,2020,17,United States,18-64 years,2752.0,1962.0,50.0
04/19/2020,04/25/2020,2020,17,United States,65 years and over,12768.0,8399.0,91.0
04/26/2020,05/02/2020,2020,18,United States,All Ages,13199.0,8929.0,66.0
04/26/2020,05/02/2020,2020,18,United States,0-17 years,6.0,4.0,0.0
04/26/2020,05/02/2020,2020,18,United States,18-64 years,2209.0,1626.0,21.0
04/26/2020,05/02/2020,2020,18,United States,65 years and over,10984.0,7299.0,45.0
05/03/2020,05/09/2020,2020,19,United States,All Ages,11223.0,7825.0,48.0
05/03/2020,05/09/2020,2020,19,United States,0-17 years,8.0,8.0,0.0
05/03/2020,05/09/2020,2020,19,United States,18-64 years,1978.0,1521.0,11.0
05/03/2020,05/09/2020,2020,19,United States,65 years and over,9237.0,6296.0,37.0
05/10/2020,05/16/2020,2020,20,United States,All Ages,9229.0,6779.0,22.0
05/10/2020,05/16/2020,2020,20,United States,0-17 years,6.0,13.0,2.0
05/10/2020,05/16/2020,2020,20,United States,18-64 years,1644.0,1359.0,4.0
05/10/2020,05/16/2020,2020,20,United States,65 years and over,7579.0,5407.0,16.0
05/17/2020,05/23/2020,2020,21,United States,All Ages,7228.0,5894.0,24.0
05/17/2020,05/23/2020,2020,21,United States,0-17 years,0.0,9.0,0.0
05/17/2020,05/23/2020,2020,21,United States,18-64 years,1375.0,1258.0,10.0
05/17/2020,05/23/2020,2020,21,United States,65 years and over,5853.0,4627.0,14.0
05/24/2020,05/30/2020,2020,22,United States,All Ages,6160.0,5266.0,12.0
05/24/2020,05/30/2020,2020,22,United States,0-17 years,4.0,11.0,1.0
05/24/2020,05/30/2020,2020,22,United States,18-64 years,1174.0,1107.0,2.0
05/24/2020,05/30/2020,2020,22,United States,65 years and over,4982.0,4148.0,9.0
05/31/2020,06/06/2020,2020,23,United States,All Ages,5046.0,4895.0,11.0
05/31/2020,06/06/2020,2020,23,United States,0-17 years,3.0,14.0,0.0
05/31/2020,06/06/2020,2020,23,United States,18-64 years,1043.0,1069.0,3.0
05/31/2020,06/06/2020,2020,23,United States,65 years and over,4000.0,3812.0,8.0
06/07/2020,06/13/2020,2020,24,United States,All Ages,4227.0,4539.0,11.0
06/07/2020,06/13/2020,2020,24,United States,0-17 years,4.0,4.0,0.0
06/07/2020,06/13/2020,2020,24,United States,18-64 years,1001.0,1078.0,2.0
06/07/2020,06/13/2020,2020,24,United States,65 years and over,3222.0,3457.0,9.0
06/14/2020,06/20/2020,2020,25,United States,All Ages,3844.0,4363.0,8.0
06/14/2020,06/20/2020,2020,25,United States,0-17 years,2.0,5.0,0.0
06/14/2020,06/20/2020,2020,25,United States,18-64 years,906.0,1029.0,1.0
06/14/2020,06/20/2020,2020,25,United States,65 years and over,2936.0,3329.0,7.0
06/21/2020,06/27/2020,2020,26,United States,All Ages,3835.0,4271.0,12.0
06/21/2020,06/27/2020,2020,26,United States,0-17 years,6.0,13.0,0.0
06/21/2020,06/27/2020,2020,26,United States,18-64 years,954.0,1007.0,5.0
06/21/2020,06/27/2020,2020,26,United States,65 years and over,2875.0,3251.0,7.0
06/28/2020,07/04/2020,2020,27,United States,All Ages,4540.0,4559.0,4.0
06/28/2020,07/04/2020,2020,27,United States,0-17 years,8.0,11.0,0.0
06/28/2020,07/04/2020,2020,27,United States,18-64 years,1197.0,1059.0,1.0
06/28/2020,07/04/2020,2020,27,United States,65 years and over,3335.0,3489.0,3.0
07/05/2020,07/11/2020,2020,28,United States,All Ages,5770.0,5535.0,10.0
07/05/2020,07/11/2020,2020,28,United States,0-17 years,7.0,11.0,0.0
07/05/2020,07/11/2020,2020,28,United States,18-64 years,1523.0,1334.0,1.0
07/05/2020,07/11/2020,2020,28,United States,65 years and over,4240.0,4190.0,9.0
07/12/2020,07/18/2020,2020,29,United States,All Ages,7166.0,6182.0,13.0
07/12/2020,07/18/2020,2020,29,United States,0-17 years,4.0,5.0,0.0
07/12/2020,07/18/2020,2020,29,United States,18-64 years,1816.0,1522.0,7.0
07/12/2020,07/18/2020,2020,29,United States,65 years and over,5346.0,4655.0,6.0
07/19/2020,07/25/2020,2020,30,United States,All Ages,8229.0,6765.0,11.0
07/19/2020,07/25/2020,2020,30,United States,0-17 years,6.0,8.0,0.0
07/19/2020,07/25/2020,2020,30,United States,18-64 years,2001.0,1616.0,3.0
07/19/2020,07/25/2020,2020,30,United States,65 years and over,6222.0,5141.0,8.0
07/26/2020,08/01/2020,2020,31,United States,All Ages,8285.0,6840.0,13.0
07/26/2020,08/01/2020,2020,31,United States,0-17 years,9.0,10.0,0.0
07/26/2020,08/01/2020,2020,31,United States,18-64 years,1967.0,1588.0,4.0
07/26/2020,08/01/2020,2020,31,United States,65 years and over,6309.0,5242.0,9.0
08/02/2020,08/08/2020,2020,32,United States,All Ages,7848.0,6805.0,10.0
08/02/2020,08/08/2020,2020,32,United States,0-17 years,7.0,7.0,0.0
08/02/2020,08/08/2020,2020,32,United States,18-64 years,1810.0,1581.0,3.0
08/02/2020,08/08/2020,2020,32,United States,65 years and over,6031.0,5217.0,7.0
08/09/2020,08/15/2020,2020,33,United States,All Ages,7248.0,6508.0,5.0
08/09/2020,08/15/2020,2020,33,United States,0-17 years,3.0,10.0,0.0
08/09/2020,08/15/2020,2020,33,United States,18-64 years,1682.0,1510.0,1.0
08/09/2020,08/15/2020,2020,33,United States,65 years and over,5563.0,4988.0,4.0
08/16/2020,08/22/2020,2020,34,United States,All Ages,6375.0,5968.0,12.0
08/16/2020,08/22/2020,2020,34,United States,0-17 years,6.0,12.0,0.0
08/16/2020,08/22/2020,2020,34,United States,18-64 years,1467.0,1411.0,2.0
08/16/2020,08/22/2020,2020,34,United States,65 years and over,4902.0,4545.0,10.0
08/23/2020,08/29/2020,2020,35,United States,All Ages,5739.0,5541.0,12.0
08/23/2020,08/29/2020,2020,35,United States,0-17 years,1.0,7.0,0.0
08/23/2020,08/29/2020,2020,35,United States,18-64 years,1235.0,1261.0,3.0
08/23/2020,08/29/2020,2020,35,United States,65 years and over,4503.0,4273.0,9.0
08/30/2020,09/05/2020,2020,36,United States,All Ages,5010.0,5204.0,9.0
08/30/2020,09/05/2020,2020,36,United States,0-17 years,1.0,6.0,0.0
08/30/2020,09/05/2020,2020,36,United States,18-64 years,1064.0,1181.0,2.0
08/30/2020,09/05/2020,2020,36,United States,65 years and over,3945.0,4017.0,7.0
09/06/2020,09/12/2020,2020,37,United States,All Ages,4618.0,4942.0,7.0
09/06/2020,09/12/2020,2020,37,United States,0-17 years,6.0,13.0,0.0
09/06/2020,09/12/2020,2020,37,United States,18-64 years,1056.0,1100.0,2.0
09/06/2020,09/12/2020,2020,37,United States,65 years and over,3556.0,3829.0,5.0
09/13/2020,09/19/2020,2020,38,United States,All Ages,4273.0,4772.0,5.0
09/13/2020,09/19/2020,2020,38,United States,0-17 years,3.0,9.0,0.0
09/13/2020,09/19/2020,2020,38,United States,18-64 years,848.0,1025.0,2.0
09/13/2020,09/19/2020,2020,38,United States,65 years and over,3422.0,3738.0,3.0
09/20/2020,09/26/2020,2020,39,United States,All Ages,4296.0,4933.0,4.0
09/20/2020,09/26/2020,2020,39,United States,0-17 years,3.0,2.0,0.0
09/20/2020,09/26/2020,2020,39,United States,18-64 years,876.0,1078.0,3.0
09/20/2020,09/26/2020,2020,39,United States,65 years and over,3417.0,3853.0,1.0
09/27/2020,10/03/2020,2020,40,United States,All Ages,4240.0,4829.0,8.0
09/27/2020,10/03/2020,2020,40,United States,0-17 years,5.0,14.0,0.0
09/27/2020,10/03/2020,2020,40,United States,18-64 years,795.0,986.0,4.0
09/27/2020,10/03/2020,2020,40,United States,65 years and over,3440.0,3829.0,4.0
10/04/2020,10/10/2020,2020,41,United States,All Ages,4813.0,5186.0,12.0
10/04/2020,10/10/2020,2020,41,United States,0-17 years,3.0,6.0,0.0
10/04/2020,10/10/2020,2020,41,United States,18-64 years,908.0,1067.0,4.0
10/04/2020,10/10/2020,2020,41,United States,65 years and over,3902.0,4113.0,8.0
10/11/2020,10/17/2020,2020,42,United States,All Ages,5195.0,5218.0,16.0
10/11/2020,10/17/2020,2020,42,United States,0-17 years,0.0,6.0,0.0
10/11/2020,10/17/2020,2020,42,United States,18-64 years,903.0,1069.0,4.0
10/11/2020,10/17/2020,2020,42,United States,65 years and over,4292.0,4143.0,12.0
10/18/2020,10/24/2020,2020,43,United States,All Ages,5990.0,5646.0,15.0
10/18/2020,10/24/2020,2020,43,United States,0-17 years,3.0,15.0,0.0
10/18/2020,10/24/2020,2020,43,United States,18-64 years,1017.0,1103.0,2.0
10/18/2020,10/24/2020,2020,43,United States,65 years and over,4970.0,4528.0,13.0
10/25/2020,10/31/2020,2020,44,United States,All Ages,7019.0,6145.0,21.0
10/25/2020,10/31/2020,2020,44,United States,0-17 years,5.0,17.0,0.0
10/25/2020,10/31/2020,2020,44,United States,18-64 years,1187.0,1196.0,6.0
10/25/2020,10/31/2020,2020,44,United States,65 years and over,5827.0,4932.0,15.0
11/01/2020,11/07/2020,2020,45,United States,All Ages,8754.0,7090.0,21.0
11/01/2020,11/07/2020,2020,45,United States,0-17 years,6.0,7.0,0.0
11/01/2020,11/07/2020,2020,45,United States,18-64 years,1383.0,1296.0,4.0
11/01/2020,11/07/2020,2020,45,United States,65 years and over,7365.0,5787.0,17.0
11/08/2020,11/14/2020,2020,46,United States,All Ages,10644.0,8060.0,20.0
11/08/2020,11/14/2020,2020,46,United States,0-17 years,2.0,16.0,1.0
11/08/2020,11/14/2020,2020,46,United States,18-64 years,1734.0,1503.0,3.0
11/08/2020,11/14/2020,2020,46,United States,65 years and over,8908.0,6541.0,16.0
11/15/2020,11/21/2020,2020,47,United States,All Ages,13343.0,9419.0,30.0
11/15/2020,11/21/2020,2020,47,United States,0-17 years,9.0,12.0,0.0
11/15/2020,11/21/2020,2020,47,United States,18-64 years,2103.0,1674.0,13.0
11/15/2020,11/21/2020,2020,47,United States,65 years and over,11231.0,7733.0,17.0
11/22/2020,11/28/2020,2020,48,United States,All Ages,15615.0,10465.0,27.0
11/22/2020,11/28/2020,2020,48,United States,0-17 years,6.0,7.0,0.0
11/22/2020,11/28/2020,2020,48,United States,18-64 years,2472.0,1942.0,3.0
11/22/2020,11/28/2020,2020,48,United States,65 years and over,13137.0,8516.0,24.0
11/29/2020,12/05/2020,2020,49,United States,All Ages,18545.0,12071.0,35.0
11/29/2020,12/05/2020,2020,49,United States,0-17 years,10.0,7.0,1.0
11/29/2020,12/05/2020,2020,49,United States,18-64 years,2904.0,2149.0,7.0
11/29/2020,12/05/2020,2020,49,United States,65 years and over,15631.0,9915.0,27.0
12/06/2020,12/12/2020,2020,50,United States,All Ages,20913.0,13269.0,29.0
12/06/2020,12/12/2020,2020,50,United States,0-17 years,6.0,11.0,0.0
12/06/2020,12/12/2020,2020,50,United States,18-64 years,3328.0,2376.0,6.0
12/06/2020,12/12/2020,2020,50,United States,65 years and over,17579.0,10882.0,23.0
12/13/2020,12/19/2020,2020,51,United States,All Ages,22313.0,14293.0,32.0
12/13/2020,12/19/2020,2020,51,United States,0-17 years,5.0,10.0,0.0
12/13/2020,12/19/2020,2020,51,United States,18-64 years,3686.0,2616.0,6.0
12/13/2020,12/19/2020,2020,51,United States,65 years and over,18622.0,11667.0,26.0
12/20/2020,12/26/2020,2020,52,United States,All Ages,23363.0,14894.0,32.0
12/20/2020,12/26/2020,2020,52,United States,0-17 years,9.0,9.0,0.0
12/20/2020,12/26/2020,2020,52,United States,18-64 years,4116.0,2890.0,6.0
12/20/2020,12/26/2020,2020,52,United States,65 years and over,19238.0,11995.0,26.0
12/27/2020,01/02/2021,2020,53,United States,All Ages,24845.0,16037.0,43.0
12/27/2020,01/02/2021,2020,53,United States,0-17 years,12.0,10.0,0.0
12/27/2020,01/02/2021,2020,53,United States,18-64 years,4512.0,3167.0,12.0
12/27/2020,01/02/2021,2020,53,United States,65 years and over,20321.0,12860.0,31.0
01/03/2021,01/09/2021,2021,1,United States,All Ages,25974.0,16800.0,32.0
01/03/2021,01/09/2021,2021,1,United States,0-17 years,17.0,11.0,0.0
01/03/2021,01/09/2021,2021,1,United States,18-64 years,4776.0,3277.0,9.0
01/03/2021,01/09/2021,2021,1,United States,65 years and over,21181.0,13512.0,23.0
01/10/2021,01/16/2021,2021,2,United States,All Ages,25692.0,16884.0,36.0
01/10/2021,01/16/2021,2021,2,United States,0-17 years,10.0,6.0,1.0
01/10/2021,01/16/2021,2021,2,United States,18-64 years,4807.0,3385.0,7.0
01/10/2021,01/16/2021,2021,2,United States,65 years and over,20875.0,13493.0,28.0
01/17/2021,01/23/2021,2021,3,United States,All Ages,23687.0,15777.0,31.0
01/17/2021,01/23/2021,2021,3,United States,0-17 years,7.0,13.0,0.0
01/17/2021,01/23/2021,2021,3,United States,18-64 years,4564.0,3218.0,5.0
01/17/2021,01/23/2021,2021,3,United States,65 years and over,19116.0,12546.0,26.0
01/24/2021,01/30/2021,2021,4,United States,All Ages,20322.0,13832.0,34.0
01/24/2021,01/30/2021,2021,4,United States,0-17 years,10.0,14.0,0.0
01/24/2021,01/30/2021,2021,4,United States,18-64 years,4113.0,2972.0,10.0
01/24/2021,01/30/2021,2021,4,United States,65 years and over,16199.0,10846.0,24.0
01/31/2021,02/06/2021,2021,5,United States,All Ages,17034.0,12257.0,28.0
01/31/2021,02/06/2021,2021,5,United States,0-17 years,11.0,14.0,0.0
01/31/2021,02/06/2021,2021,5,United States,18-64 years,3416.0,2550.0,8.0
01/31/2021,02/06/2021,2021,5,United States,65 years and over,13607.0,9693.0,20.0
02/07/2021,02/13/2021,2021,6,United States,All Ages,13519.0,10202.0,24.0
02/07/2021,02/13/2021,2021,6,United States,0-17 years,6.0,6.0,1.0
02/07/2021,02/13/2021,2021,6,United States,18-64 years,2958.0,2329.0,4.0
02/07/2021,02/13/2021,2021,6,United States,65 years and over,10555.0,7867.0,19.0
02/14/2021,02/20/2021,2021,7,United States,All Ages,10807.0,8921.0,15.0
02/14/2021,02/20/2021,2021,7,United States,0-17 years,3.0,7.0,0.0
02/14/2021,02/20/2021,2021,7,United States,18-64 years,2480.0,2076.0,3.0
02/14/2021,02/20/2021,2021,7,United States,65 years and over,8324.0,6838.0,12.0
02/21/2021,02/27/2021,2021,8,United States,All Ages,8654.0,7520.0,18.0
02/21/2021,02/27/2021,2021,8,United States,0-17 years,6.0,15.0,0.0
02/21/2021,02/27/2021,2021,8,United States,18-64 years,1970.0,1673.0,7.0
02/21/2021,02/27/2021,2021,8,United States,65 years and over,6678.0,5832.0,11.0
02/28/2021,03/06/2021,2021,9,United States,All Ages,6731.0,6579.0,26.0
02/28/2021,03/06/2021,2021,9,United States,0-17 years,6.0,12.0,0.0
02/28/2021,03/06/2021,2021,9,United States,18-64 years,1645.0,1535.0,8.0
02/28/2021,03/06/2021,2021,9,United States,65 years and over,5080.0,5032.0,18.0
03/07/2021,03/13/2021,2021,10,United States,All Ages,5725.0,5769.0,13.0
03/07/2021,03/13/2021,2021,10,United States,0-17 years,3.0,8.0,0.0
03/07/2021,03/13/2021,2021,10,United States,18-64 years,1524.0,1380.0,6.0
03/07/2021,03/13/2021,2021,10,United States,65 years and over,4198.0,4381.0,7.0
03/14/2021,03/20/2021,2021,11,United States,All Ages,4893.0,5306.0,6.0
03/14/2021,03/20/2021,2021,11,United States,0-17 years,8.0,8.0,0.0
03/14/2021,03/20/2021,2021,11,United States,18-64 years,1303.0,1260.0,3.0
03/14/2021,03/20/2021,2021,11,United States,65 years and over,3582.0,4038.0,3.0
03/21/2021,03/27/2021,2021,12,United States,All Ages,4461.0,5088.0,17.0
03/21/2021,03/27/2021,2021,12,United States,0-17 years,7.0,12.0,0.0
03/21/2021,03/27/2021,2021,12,United States,18-64 years,1318.0,1284.0,6.0
03/21/2021,03/27/2021,2021,12,United States,65 years and over,3136.0,3792.0,11.0
03/28/2021,04/03/2021,2021,13,United States,All Ages,4197.0,4757.0,17.0
03/28/2021,04/03/2021,2021,13,United States,0-17 years,6.0,11.0,0.0
03/28/2021,04/03/2021,2021,13,United States,18-64 years,1173.0,1160.0,6.0
03/28/2021,04/03/2021,2021,13,United States,65 years and over,3018.0,3586.0,11.0
04/04/2021,04/10/2021,2021,14,United States,All Ages,4313.0,4954.0,12.0
04/04/2021,04/10/2021,2021,14,United States,0-17 years,9.0,15.0,0.0
04/04/2021,04/10/2021,2021,14,United States,18-64 years,1346.0,1291.0,5.0
04/04/2021,04/10/2021,2021,14,United States,65 years and over,2958.0,3648.0,7.0
04/11/2021,04/17/2021,2021,15,United States,All Ages,4450.0,4952.0,7.0
04/11/2021,04/17/2021,2021,15,United States,0-17 years,2.0,9.0,0.0
04/11/2021,04/17/2021,2021,15,United States,18-64 years,1474.0,1326.0,4.0
04/11/2021,04/17/2021,2021,15,United States,65 years and over,2974.0,3617.0,3.0
04/18/2021,04/24/2021,2021,16,United States,All Ages,4600.0,5122.0,15.0
04/18/2021,04/24/2021,2021,16,United States,0-17 years,12.0,10.0,0.0
04/18/2021,04/24/2021,2021,16,United States,18-64 years,1530.0,1386.0,4.0
04/18/2021,04/24/2021,2021,16,United States,65 years and over,3058.0,3726.0,11.0
04/25/2021,05/01/2021,2021,17,United States,All Ages,4165.0,4873.0,6.0
04/25/2021,05/01/2021,2021,17,United States,0-17 years,4.0,9.0,1.0
04/25/2021,05/01/2021,2021,17,United States,18-64 years,1369.0,1300.0,3.0
04/25/2021,05/01/2021,2021,17,United States,65 years and over,2792.0,3564.0,2.0
05/02/2021,05/08/2021,2021,18,United States,All Ages,4006.0,4771.0,9.0
05/02/2021,05/08/2021,2021,18,United States,0-17 years,7.0,3.0,1.0
05/02/2021,05/08/2021,2021,18,United States,18-64 years,1416.0,1362.0,2.0
05/02/2021,05/08/2021,2021,18,United States,65 years and over,2583.0,3406.0,6.0
05/09/2021,05/15/2021,2021,19,United States,All Ages,3678.0,4529.0,10.0
05/09/2021,05/15/2021,2021,19,United States,0-17 years,7.0,21.0,0.0
05/09/2021,05/15/2021,2021,19,United States,18-64 years,1231.0,1217.0,2.0
05/09/2021,05/15/2021,2021,19,United States,65 years and over,2440.0,3291.0,8.0
05/16/2021,05/22/2021,2021,20,United States,All Ages,3238.0,4350.0,9.0
05/16/2021,05/22/2021,2021,20,United States,0-17 years,8.0,8.0,0.0
05/16/2021,05/22/2021,2021,20,United States,18-64 years,1128.0,1191.0,3.0
05/16/2021,05/22/2021,2021,20,United States,65 years and over,2102.0,3151.0,6.0
05/23/2021,05/29/2021,2021,21,United States,All Ages,2770.0,4017.0,5.0
05/23/2021,05/29/2021,2021,21,United States,0-17 years,3.0,10.0,0.0
05/23/2021,05/29/2021,2021,21,United States,18-64 years,975.0,1130.0,0.0
05/23/2021,05/29/2021,2021,21,United States,65 years and over,1792.0,2877.0,5.0
05/30/2021,06/05/2021,2021,22,United States,All Ages,2347.0,3883.0,8.0
05/30/2021,06/05/2021,2021,22,United States,0-17 years,9.0,14.0,0.0
05/30/2021,06/05/2021,2021,22,United States,18-64 years,849.0,1114.0,3.0
05/30/2021,06/05/2021,2021,22,United States,65 years and over,1489.0,2755.0,5.0
06/06/2021,06/12/2021,2021,23,United States,All Ages,2035.0,3748.0,6.0
06/06/2021,06/12/2021,2021,23,United States,0-17 years,3.0,7.0,1.0
06/06/2021,06/12/2021,2021,23,United States,18-64 years,720.0,1031.0,1.0
06/06/2021,06/12/2021,2021,23,United States,65 years and over,1312.0,2710.0,4.0
06/13/2021,06/19/2021,2021,24,United States,All Ages,1776.0,3691.0,11.0
06/13/2021,06/19/2021,2021,24,United States,0-17 years,1.0,12.0,1.0
06/13/2021,06/19/2021,2021,24,United States,18-64 years,651.0,961.0,5.0
06/13/2021,06/19/2021,2021,24,United States,65 years and over,1124.0,2718.0,5.0
06/20/2021,06/26/2021,2021,25,United States,All Ages,1635.0,3474.0,8.0
06/20/2021,06/26/2021,2021,25,United States,0-17 years,5.0,12.0,0.0
06/20/2021,06/26/2021,2021,25,United States,18-64 years,613.0,906.0,5.0
06/20/2021,06/26/2021,2021,25,United States,65 years and over,1017.0,2556.0,3.0
06/27/2021,07/03/2021,2021,26,United States,All Ages,1543.0,3384.0,7.0
06/27/2021,07/03/2021,2021,26,United States,0-17 years,6.0,5.0,1.0
06/27/2021,07/03/2021,2021,26,United States,18-64 years,590.0,895.0,2.0
06/27/2021,07/03/2021,2021,26,United States,65 years and over,947.0,2484.0,4.0
07/04/2021,07/10/2021,2021,27,United States,All Ages,1645.0,3554.0,3.0
07/04/2021,07/10/2021,2021,27,United States,0-17 years,1.0,16.0,0.0
07/04/2021,07/10/2021,2021,27,United States,18-64 years,600.0,923.0,0.0
07/04/2021,07/10/2021,2021,27,United States,65 years and over,1044.0,2615.0,3.0
07/11/2021,07/17/2021,2021,28,United States,All Ages,1991.0,3833.0,8.0
07/11/2021,07/17/2021,2021,28,United States,0-17 years,5.0,9.0,0.0
07/11/2021,07/17/2021,2021,28,United States,18-64 years,788.0,1012.0,3.0
07/11/2021,07/17/2021,2021,28,United States,65 years and over,1198.0,2812.0,5.0
07/18/2021,07/24/2021,2021,29,United States,All Ages,2760.0,4229.0,9.0
07/18/2021,07/24/2021,2021,29,United States,0-17 years,5.0,12.0,0.0
07/18/2021,07/24/2021,2021,29,United States,18-64 years,1090.0,1200.0,3.0
07/18/2021,07/24/2021,2021,29,United States,65 years and over,1665.0,3017.0,6.0
07/25/2021,07/31/2021,2021,30,United States,All Ages,4105.0,5094.0,10.0
07/25/2021,07/31/2021,2021,30,United States,0-17 years,8.0,20.0,0.0
07/25/2021,07/31/2021,2021,30,United States,18-64 years,1688.0,1522.0,3.0
07/25/2021,07/31/2021,2021,30,United States,65 years and over,2409.0,3552.0,7.0
08/01/2021,08/07/2021,2021,31,United States,All Ages,6484.0,6534.0,11.0
08/01/2021,08/07/2021,2021,31,United States,0-17 years,18.0,22.0,0.0
08/01/2021,08/07/2021,2021,31,United States,18-64 years,2688.0,2105.0,4.0
08/01/2021,08/07/2021,2021,31,United States,65 years and over,3778.0,4407.0,7.0
08/08/2021,08/14/2021,2021,32,United States,All Ages,9406.0,8489.0,11.0
08/08/2021,08/14/2021,2021,32,United States,0-17 years,23.0,16.0,1.0
08/08/2021,08/14/2021,2021,32,United States,18-64 years,3902.0,2885.0,2.0
08/08/2021,08/14/2021,2021,32,United States,65 years and over,5481.0,5588.0,8.0
08/15/2021,08/21/2021,2021,33,United States,All Ages,12181.0,10163.0,11.0
08/15/2021,08/21/2021,2021,33,United States,0-17 years,26.0,22.0,0.0
08/15/2021,08/21/2021,2021,33,United States,18-64 years,5104.0,3652.0,6.0
08/15/2021,08/21/2021,2021,33,United States,65 years and over,7051.0,6489.0,5.0
08/22/2021,08/28/2021,2021,34,United States,All Ages,14174.0,11500.0,16.0
08/22/2021,08/28/2021,2021,34,United States,0-17 years,23.0,27.0,0.0
08/22/2021,08/28/2021,2021,34,United States,18-64 years,5942.0,4202.0,6.0
08/22/2021,08/28/2021,2021,34,United States,65 years and over,8209.0,7271.0,10.0
08/29/2021,09/04/2021,2021,35,United States,All Ages,15493.0,12316.0,32.0
08/29/2021,09/04/2021,2021,35,United States,0-17 years,26.0,25.0,0.0
08/29/2021,09/04/2021,2021,35,United States,18-64 years,6595.0,4723.0,13.0
08/29/2021,09/04/2021,2021,35,United States,65 years and over,8872.0,7568.0,19.0
09/05/2021,09/11/2021,2021,36,United States,All Ages,15418.0,12325.0,15.0
09/05/2021,09/11/2021,2021,36,United States,0-17 years,26.0,22.0,0.0
09/05/2021,09/11/2021,2021,36,United States,18-64 years,6501.0,4649.0,2.0
09/05/2021,09/11/2021,2021,36,United States,65 years and over,8891.0,7654.0,13.0
09/12/2021,09/18/2021,2021,37,United States,All Ages,15211.0,12169.0,17.0
09/12/2021,09/18/2021,2021,37,United States,0-17 years,27.0,23.0,0.0
09/12/2021,09/18/2021,2021,37,United States,18-64 years,6348.0,4547.0,8.0
09/12/2021,09/18/2021,2021,37,United States,65 years and over,8836.0,7599.0,9.0
09/19/2021,09/25/2021,2021,38,United States,All Ages,14347.0,11511.0,18.0
09/19/2021,09/25/2021,2021,38,United States,0-17 years,31.0,24.0,0.0
09/19/2021,09/25/2021,2021,38,United States,18-64 years,6072.0,4365.0,8.0
09/19/2021,09/25/2021,2021,38,United States,65 years and over,8244.0,7122.0,10.0
09/26/2021,10/02/2021,2021,39,United States,All Ages,12830.0,10683.0,19.0
09/26/2021,10/02/2021,2021,39,United States,0-17 years,28.0,20.0,1.0
09/26/2021,10/02/2021,2021,39,United States,18-64 years,5273.0,3917.0,9.0
09/26/2021,10/02/2021,2021,39,United States,65 years and over,7529.0,6746.0,9.0
10/03/2021,10/09/2021,2021,40,United States,All Ages,11180.0,9741.0,20.0
10/03/2021,10/09/2021,2021,40,United States,0-17 years,14.0,24.0,2.0
10/03/2021,10/09/2021,2021,40,United States,18-64 years,4404.0,3402.0,7.0
10/03/2021,10/09/2021,2021,40,United States,65 years and over,6762.0,6315.0,11.0
10/10/2021,10/16/2021,2021,41,United States,All Ages,9878.0,8853.0,11.0
10/10/2021,10/16/2021,2021,41,United States,0-17 years,11.0,14.0,1.0
10/10/2021,10/16/2021,2021,41,United States,18-64 years,3898.0,3129.0,2.0
10/10/2021,10/16/2021,2021,41,United States,65 years and over,5969.0,5710.0,8.0
10/17/2021,10/23/2021,2021,42,United States,All Ages,8941.0,8253.0,15.0
10/17/2021,10/23/2021,2021,42,United States,0-17 years,14.0,13.0,0.0
10/17/2021,10/23/2021,2021,42,United States,18-64 years,3329.0,2653.0,5.0
10/17/2021,10/23/2021,2021,42,United States,65 years and over,5598.0,5587.0,10.0
10/24/2021,10/30/2021,2021,43,United States,All Ages,7960.0,7788.0,14.0
10/24/2021,10/30/2021,2021,43,United States,0-17 years,15.0,26.0,0.0
10/24/2021,10/30/2021,2021,43,United States,18-64 years,2845.0,2348.0,4.0
10/24/2021,10/30/2021,2021,43,United States,65 years and over,5100.0,5414.0,10.0
10/31/2021,11/06/2021,2021,44,United States,All Ages,7287.0,7303.0,7.0
10/31/2021,11/06/2021,2021,44,United States,0-17 years,16.0,30.0,2.0
10/31/2021,11/06/2021,2021,44,United States,18-64 years,2556.0,2167.0,4.0
10/31/2021,11/06/2021,2021,44,United States,65 years and over,4715.0,5106.0,1.0
11/07/2021,11/13/2021,2021,45,United States,All Ages,7159.0,7204.0,26.0
11/07/2021,11/13/2021,2021,45,United States,0-17 years,14.0,17.0,0.0
11/07/2021,11/13/2021,2021,45,United States,18-64 years,2371.0,2049.0,9.0
11/07/2021,11/13/2021,2021,45,United States,65 years and over,4774.0,5138.0,17.0
11/14/2021,11/20/2021,2021,46,United States,All Ages,7310.0,7324.0,16.0
11/14/2021,11/20/2021,2021,46,United States,0-17 years,9.0,23.0,0.0
11/14/2021,11/20/2021,2021,46,United States,18-64 years,2459.0,2134.0,7.0
11/14/2021,11/20/2021,2021,46,United States,65 years and over,4842.0,5167.0,9.0
11/21/2021,11/27/2021,2021,47,United States,All Ages,7886.0,7590.0,19.0
11/21/2021,11/27/2021,2021,47,United States,0-17 years,10.0,26.0,1.0
11/21/2021,11/27/2021,2021,47,United States,18-64 years,2589.0,2130.0,4.0
11/21/2021,11/27/2021,2021,47,United States,65 years and over,5287.0,5434.0,14.0
11/28/2021,12/04/2021,2021,48,United States,All Ages,8781.0,8324.0,37.0
11/28/2021,12/04/2021,2021,48,United States,0-17 years,14.0,32.0,0.0
11/28/2021,12/04/2021,2021,48,United States,18-64 years,2774.0,2286.0,8.0
11/28/2021,12/04/2021,2021,48,United States,65 years and over,5993.0,6006.0,29.0
12/05/2021,12/11/2021,2021,49,United States,All Ages,9734.0,8985.0,56.0
12/05/2021,12/11/2021,2021,49,United States,0-17 years,13.0,19.0,1.0
12/05/2021,12/11/2021,2021,49,United States,18-64 years,3199.0,2529.0,14.0
12/05/2021,12/11/2021,2021,49,United States,65 years and over,6522.0,6437.0,41.0
12/12/2021,12/18/2021,2021,50,United States,All Ages,10250.0,9304.0,58.0
12/12/2021,12/18/2021,2021,50,United States,0-17 years,13.0,30.0,1.0
12/12/2021,12/18/2021,2021,50,United States,18-64 years,3393.0,2663.0,16.0
12/12/2021,12/18/2021,2021,50,United States,65 years and over,6844.0,6611.0,41.0
12/19/2021,12/25/2021,2021,51,United States,All Ages,10457.0,9418.0,86.0
12/19/2021,12/25/2021,2021,51,United States,0-17 years,16.0,23.0,3.0
12/19/2021,12/25/2021,2021,51,United States,18-64 years,3418.0,2653.0,22.0
12/19/2021,12/25/2021,2021,51,United States,65 years and over,7023.0,6742.0,61.0
12/26/2021,01/01/2022,2021,52,United States,All Ages,11676.0,10050.0,152.0
12/26/2021,01/01/2022,2021,52,United States,0-17 years,27.0,28.0,1.0
12/26/2021,01/01/2022,2021,52,United States,18-64 years,3962.0,2933.0,42.0
12/26/2021,01/01/2022,2021,52,United States,65 years and over,7687.0,7089.0,109.0
01/02/2022,01/08/2022,2022,1,United States,All Ages,15123.0,11813.0,187.0
01/02/2022,01/08/2022,2022,1,United States,0-17 years,38.0,21.0,1.0
01/02/2022,01/08/2022,2022,1,United States,18-64 years,4742.0,3268.0,47.0
01/02/2022,01/08/2022,2022,1,United States,65 years and over,10343.0,8524.0,139.0
01/09/2022,01/15/2022,2022,2,United States,All Ages,19076.0,13527.0,141.0
01/09/2022,01/15/2022,2022,2,United States,0-17 years,50.0,24.0,1.0
01/09/2022,01/15/2022,2022,2,United States,18-64 years,5214.0,3474.0,40.0
01/09/2022,01/15/2022,2022,2,United States,65 years and over,13812.0,10029.0,100.0
01/16/2022,01/22/2022,2022,3,United States,All Ages,21328.0,14394.0,149.0
01/16/2022,01/22/2022,2022,3,United States,0-17 years,53.0,27.0,3.0
01/16/2022,01/22/2022,2022,3,United States,18-64 years,5288.0,3400.0,32.0
01/16/2022,01/22/2022,2022,3,United States,65 years and over,15987.0,10967.0,114.0
01/23/2022,01/29/2022,2022,4,United States,All Ages,20958.0,14248.0,93.0
01/23/2022,01/29/2022,2022,4,United States,0-17 years,35.0,17.0,2.0
01/23/2022,01/29/2022,2022,4,United States,18-64 years,4946.0,3238.0,17.0
01/23/2022,01/29/2022,2022,4,United States,65 years and over,15977.0,10993.0,74.0
01/30/2022,02/05/2022,2022,5,United States,All Ages,18753.0,13231.0,89.0
01/30/2022,02/05/2022,2022,5,United States,0-17 years,25.0,19.0,1.0
01/30/2022,02/05/2022,2022,5,United States,18-64 years,4260.0,2959.0,19.0
01/30/2022,02/05/2022,2022,5,United States,65 years and over,14468.0,10253.0,69.0
02/06/2022,02/12/2022,2022,6,United States,All Ages,15312.0,11090.0,85.0
02/06/2022,02/12/2022,2022,6,United States,0-17 years,17.0,22.0,1.0
02/06/2022,02/12/2022,2022,6,United States,18-64 years,3511.0,2504.0,23.0
02/06/2022,02/12/2022,2022,6,United States,65 years and over,11784.0,8564.0,61.0
02/13/2022,02/19/2022,2022,7,United States,All Ages,11563.0,9146.0,67.0
02/13/2022,02/19/2022,2022,7,United States,0-17 years,32.0,20.0,3.0
02/13/2022,02/19/2022,2022,7,United States,18-64 years,2596.0,2007.0,16.0
02/13/2022,02/19/2022,2022,7,United States,65 years and over,8935.0,7119.0,48.0
02/20/2022,02/26/2022,2022,8,United States,All Ages,8288.0,7301.0,65.0
02/20/2022,02/26/2022,2022,8,United States,0-17 years,25.0,22.0,3.0
02/20/2022,02/26/2022,2022,8,United States,18-64 years,1794.0,1614.0,11.0
02/20/2022,02/26/2022,2022,8,United States,65 years and over,6469.0,5665.0,51.0
02/27/2022,03/05/2022,2022,9,United States,All Ages,6041.0,6113.0,62.0
02/27/2022,03/05/2022,2022,9,United States,0-17 years,17.0,19.0,2.0
02/27/2022,03/05/2022,2022,9,United States,18-64 years,1314.0,1325.0,14.0
02/27/2022,03/05/2022,2022,9,United States,65 years and over,4710.0,4769.0,46.0
03/06/2022,03/12/2022,2022,10,United States,All Ages,4402.0,4828.0,65.0
03/06/2022,03/12/2022,2022,10,United States,0-17 years,22.0,15.0,1.0
03/06/2022,03/12/2022,2022,10,United States,18-64 years,931.0,957.0,14.0
03/06/2022,03/12/2022,2022,10,United States,65 years and over,3449.0,3856.0,50.0
03/13/2022,03/19/2022,2022,11,United States,All Ages,3123.0,4403.0,64.0
03/13/2022,03/19/2022,2022,11,United States,0-17 years,8.0,17.0,1.0
03/13/2022,03/19/2022,2022,11,United States,18-64 years,712.0,928.0,18.0
03/13/2022,03/19/2022,2022,11,United States,65 years and over,2403.0,3458.0,45.0
03/20/2022,03/26/2022,2022,12,United States,All Ages,2504.0,3941.0,84.0
03/20/2022,03/26/2022,2022,12,United States,0-17 years,14.0,24.0,2.0
03/20/2022,03/26/2022,2022,12,United States,18-64 years,544.0,825.0,15.0
03/20/2022,03/26/2022,2022,12,United States,65 years and over,1946.0,3092.0,67.0
03/27/2022,04/02/2022,2022,13,United States,All Ages,1907.0,3616.0,75.0
03/27/2022,04/02/2022,2022,13,United States,0-17 years,8.0,11.0,2.0
03/27/2022,04/02/2022,2022,13,United States,18-64 years,395.0,795.0,20.0
03/27/2022,04/02/2022,2022,13,United States,65 years and over,1504.0,2810.0,53.0
04/03/2022,04/09/2022,2022,14,United States,All Ages,1552.0,3342.0,95.0
04/03/2022,04/09/2022,2022,14,United States,0-17 years,8.0,10.0,0.0
04/03/2022,04/09/2022,2022,14,United States,18-64 years,320.0,720.0,16.0
04/03/2022,04/09/2022,2022,14,United States,65 years and over,1224.0,2612.0,79.0
04/10/2022,04/16/2022,2022,15,United States,All Ages,1409.0,3414.0,94.0
04/10/2022,04/16/2022,2022,15,United States,0-17 years,7.0,16.0,4.0
04/10/2022,04/16/2022,2022,15,United States,18-64 years,295.0,724.0,18.0
04/10/2022,04/16/2022,2022,15,United States,65 years and over,1107.0,2674.0,72.0
04/17/2022,04/23/2022,2022,16,United States,All Ages,1345.0,3309.0,105.0
04/17/2022,04/23/2022,2022,16,United States,0-17 years,7.0,22.0,2.0
04/17/2022,04/23/2022,2022,16,United States,18-64 years,296.0,654.0,23.0
04/17/2022,04/23/2022,2022,16,United States,65 years and over,1042.0,2633.0,80.0
04/24/2022,04/30/2022,2022,17,United States,All Ages,1426.0,3321.0,95.0
04/24/2022,04/30/2022,2022,17,United States,0-17 years,6.0,10.0,4.0
04/24/2022,04/30/2022,2022,17,United States,18-64 years,278.0,664.0,15.0
04/24/2022,04/30/2022,2022,17,United States,65 years and over,1142.0,2647.0,76.0
05/01/2022,05/07/2022,2022,18,United States,All Ages,1433.0,3258.0,82.0
05/01/2022,05/07/2022,2022,18,United States,0-17 years,9.0,24.0,1.0
05/01/2022,05/07/2022,2022,18,United States,18-64 years,255.0,630.0,16.0
05/01/2022,05/07/2022,2022,18,United States,65 years and over,1169.0,2604.0,65.0
05/08/2022,05/14/2022,2022,19,United States,All Ages,1675.0,3382.0,100.0
05/08/2022,05/14/2022,2022,19,United States,0-17 years,8.0,12.0,1.0
05/08/2022,05/14/2022,2022,19,United States,18-64 years,284.0,690.0,16.0
05/08/2022,05/14/2022,2022,19,United States,65 years and over,1383.0,2680.0,83.0
05/15/2022,05/21/2022,2022,20,United States,All Ages,1742.0,3512.0,89.0
05/15/2022,05/21/2022,2022,20,United States,0-17 years,13.0,24.0,4.0
05/15/2022,05/21/2022,2022,20,United States,18-64 years,284.0,700.0,22.0
05/15/2022,05/21/2022,2022,20,United States,65 years and over,1445.0,2788.0,63.0
05/22/2022,05/28/2022,2022,21,United States,All Ages,1940.0,3366.0,83.0
05/22/2022,05/28/2022,2022,21,United States,0-17 years,10.0,12.0,4.0
05/22/2022,05/28/2022,2022,21,United States,18-64 years,328.0,684.0,16.0
05/22/2022,05/28/2022,2022,21,United States,65 years and over,1602.0,2670.0,63.0
05/29/2022,06/04/2022,2022,22,United States,All Ages,2007.0,3530.0,83.0
05/29/2022,06/04/2022,2022,22,United States,0-17 years,12.0,29.0,5.0
05/29/2022,06/04/2022,2022,22,United States,18-64 years,310.0,698.0,21.0
05/29/2022,06/04/2022,2022,22,United States,65 years and over,1685.0,2803.0,57.0
06/05/2022,06/11/2022,2022,23,United States,All Ages,2139.0,3524.0,71.0
06/05/2022,06/11/2022,2022,23,United States,0-17 years,10.0,21.0,5.0
06/05/2022,06/11/2022,2022,23,United States,18-64 years,331.0,697.0,16.0
06/05/2022,06/11/2022,2022,23,United States,65 years and over,1798.0,2806.0,50.0
06/12/2022,06/18/2022,2022,24,United States,All Ages,2194.0,3565.0,74.0
06/12/2022,06/18/2022,2022,24,United States,0-17 years,8.0,15.0,2.0
06/12/2022,06/18/2022,2022,24,United States,18-64 years,359.0,732.0,16.0
06/12/2022,06/18/2022,2022,24,United States,65 years and over,1827.0,2818.0,56.0
06/19/2022,06/25/2022,2022,25,United States,All Ages,2327.0,3507.0,35.0
06/19/2022,06/25/2022,2022,25,United States,0-17 years,11.0,12.0,2.0
06/19/2022,06/25/2022,2022,25,United States,18-64 years,351.0,643.0,11.0
06/19/2022,06/25/2022,2022,25,United States,65 years and over,1965.0,2852.0,22.0
06/26/2022,07/02/2022,2022,26,United States,All Ages,2420.0,3476.0,40.0
06/26/2022,07/02/2022,2022,26,United States,0-17 years,7.0,12.0,1.0
06/26/2022,07/02/2022,2022,26,United States,18-64 years,382.0,683.0,5.0
06/26/2022,07/02/2022,2022,26,United States,65 years and over,2031.0,2781.0,34.0
07/03/2022,07/09/2022,2022,27,United States,All Ages,2588.0,3589.0,35.0
07/03/2022,07/09/2022,2022,27,United States,0-17 years,15.0,15.0,1.0
07/03/2022,07/09/2022,2022,27,United States,18-64 years,403.0,667.0,7.0
07/03/2022,07/09/2022,2022,27,United States,65 years and over,2170.0,2907.0,27.0
07/10/2022,07/16/2022,2022,28,United States,All Ages,2929.0,3592.0,17.0
07/10/2022,07/16/2022,2022,28,United States,0-17 years,14.0,12.0,1.0
07/10/2022,07/16/2022,2022,28,United States,18-64 years,440.0,738.0,4.0
07/10/2022,07/16/2022,2022,28,United States,65 years and over,2475.0,2842.0,12.0
07/17/2022,07/23/2022,2022,29,United States,All Ages,3227.0,3810.0,24.0
07/17/2022,07/23/2022,2022,29,United States,0-17 years,14.0,15.0,2.0
07/17/2022,07/23/2022,2022,29,United States,18-64 years,483.0,743.0,4.0
07/17/2022,07/23/2022,2022,29,United States,65 years and over,2730.0,3052.0,18.0
07/24/2022,07/30/2022,2022,30,United States,All Ages,3401.0,3815.0,23.0
07/24/2022,07/30/2022,2022,30,United States,0-17 years,10.0,9.0,2.0
07/24/2022,07/30/2022,2022,30,United States,18-64 years,555.0,713.0,5.0
07/24/2022,07/30/2022,2022,30,United States,65 years and over,2836.0,3093.0,16.0
07/31/2022,08/06/2022,2022,31,United States,All Ages,3372.0,3810.0,16.0
07/31/2022,08/06/2022,2022,31,United States,0-17 years,17.0,17.0,0.0
07/31/2022,08/06/2022,2022,31,United States,18-64 years,520.0,701.0,2.0
07/31/2022,08/06/2022,2022,31,United States,65 years and over,2835.0,3092.0,14.0
08/07/2022,08/13/2022,2022,32,United States,All Ages,3284.0,3841.0,15.0
08/07/2022,08/13/2022,2022,32,United States,0-17 years,12.0,14.0,1.0
08/07/2022,08/13/2022,2022,32,United States,18-64 years,508.0,704.0,6.0
08/07/2022,08/13/2022,2022,32,United States,65 years and over,2764.0,3123.0,8.0
08/14/2022,08/20/2022,2022,33,United States,All Ages,3166.0,3732.0,19.0
08/14/2022,08/20/2022,2022,33,United States,0-17 years,13.0,9.0,1.0
08/14/2022,08/20/2022,2022,33,United States,18-64 years,465.0,687.0,3.0
08/14/2022,08/20/2022,2022,33,United States,65 years and over,2688.0,3036.0,15.0
08/21/2022,08/27/2022,2022,34,United States,All Ages,3050.0,3693.0,14.0
08/21/2022,08/27/2022,2022,34,United States,0-17 years,14.0,15.0,2.0
08/21/2022,08/27/2022,2022,34,United States,18-64 years,457.0,704.0,3.0
08/21/2022,08/27/2022,2022,34,United States,65 years and over,2579.0,2974.0,9.0
08/28/2022,09/03/2022,2022,35,United States,All Ages,2926.0,3573.0,12.0
08/28/2022,09/03/2022,2022,35,United States,0-17 years,16.0,20.0,0.0
08/28/2022,09/03/2022,2022,35,United States,18-64 years,434.0,646.0,2.0
08/28/2022,09/03/2022,2022,35,United States,65 years and over,2476.0,2907.0,10.0
09/04/2022,09/10/2022,2022,36,United States,All Ages,2807.0,3611.0,19.0
09/04/2022,09/10/2022,2022,36,United States,0-17 years,11.0,21.0,0.0
09/04/2022,09/10/2022,2022,36,United States,18-64 years,407.0,716.0,5.0
09/04/2022,09/10/2022,2022,36,United States,65 years and over,2389.0,2874.0,14.0
09/11/2022,09/17/2022,2022,37,United States,All Ages,2511.0,3595.0,17.0
09/11/2022,09/17/2022,2022,37,United States,0-17 years,9.0,20.0,1.0
09/11/2022,09/17/2022,2022,37,United States,18-64 years,352.0,710.0,5.0
09/11/2022,09/17/2022,2022,37,United States,65 years and over,2150.0,2865.0,11.0
09/18/2022,09/24/2022,2022,38,United States,All Ages,2544.0,3588.0,20.0
09/18/2022,09/24/2022,2022,38,United States,0-17 years,8.0,17.0,0.0
09/18/2022,09/24/2022,2022,38,United States,18-64 years,390.0,701.0,8.0
09/18/2022,09/24/2022,2022,38,United States,65 years and over,2146.0,2870.0,12.0
09/25/2022,10/01/2022,2022,39,United States,All Ages,2375.0,3578.0,23.0
09/25/2022,10/01/2022,2022,39,United States,0-17 years,13.0,16.0,0.0
09/25/2022,10/01/2022,2022,39,United States,18-64 years,313.0,686.0,5.0
09/25/2022,10/01/2022,2022,39,United States,65 years and over,2049.0,2876.0,18.0
10/02/2022,10/08/2022,2022,40,United States,All Ages,2194.0,3544.0,28.0
10/02/2022,10/08/2022,2022,40,United States,0-17 years,9.0,15.0,3.0
10/02/2022,10/08/2022,2022,40,United States,18-64 years,311.0,662.0,5.0
10/02/2022,10/08/2022,2022,40,United States,65 years and over,1874.0,2867.0,20.0
10/09/2022,10/15/2022,2022,41,United States,All Ages,2147.0,3560.0,56.0
10/09/2022,10/15/2022,2022,41,United States,0-17 years,6.0,16.0,3.0
10/09/2022,10/15/2022,2022,41,United States,18-64 years,289.0,696.0,20.0
10/09/2022,10/15/2022,2022,41,United States,65 years and over,1852.0,2848.0,33.0
10/16/2022,10/22/2022,2022,42,United States,All Ages,2193.0,3830.0,57.0
10/16/2022,10/22/2022,2022,42,United States,0-17 years,14.0,27.0,2.0
10/16/2022,10/22/2022,2022,42,United States,18-64 years,311.0,727.0,18.0
10/16/2022,10/22/2022,2022,42,United States,65 years and over,1868.0,3076.0,37.0
10/23/2022,10/29/2022,2022,43,United States,All Ages,2242.0,3665.0,96.0
10/23/2022,10/29/2022,2022,43,United States,0-17 years,8.0,22.0,8.0
10/23/2022,10/29/2022,2022,43,United States,18-64 years,282.0,645.0,37.0
10/23/2022,10/29/2022,2022,43,United States,65 years and over,1952.0,2998.0,51.0
10/30/2022,11/05/2022,2022,44,United States,All Ages,2247.0,3776.0,156.0
10/30/2022,11/05/2022,2022,44,United States,0-17 years,7.0,21.0,10.0
10/30/2022,11/05/2022,2022,44,United States,18-64 years,295.0,675.0,44.0
10/30/2022,11/05/2022,2022,44,United States,65 years and over,1945.0,3080.0,102.0
11/06/2022,11/12/2022,2022,45,United States,All Ages,2200.0,3859.0,227.0
11/06/2022,11/12/2022,2022,45,United States,0-17 years,8.0,20.0,12.0
11/06/2022,11/12/2022,2022,45,United States,18-64 years,305.0,754.0,92.0
11/06/2022,11/12/2022,2022,45,United States,65 years and over,1887.0,3085.0,123.0
11/13/2022,11/19/2022,2022,46,United States,All Ages,2256.0,3950.0,258.0
11/13/2022,11/19/2022,2022,46,United States,0-17 years,5.0,30.0,11.0
11/13/2022,11/19/2022,2022,46,United States,18-64 years,293.0,747.0,76.0
11/13/2022,11/19/2022,2022,46,United States,65 years and over,1958.0,3173.0,171.0
11/20/2022,11/26/2022,2022,47,United States,All Ages,2495.0,4306.0,429.0
11/20/2022,11/26/2022,2022,47,United States,0-17 years,9.0,22.0,21.0
11/20/2022,11/26/2022,2022,47,United States,18-64 years,321.0,777.0,117.0
11/20/2022,11/26/2022,2022,47,United States,65 years and over,2165.0,3507.0,291.0
11/27/2022,12/03/2022,2022,48,United States,All Ages,2593.0,4654.0,851.0
11/27/2022,12/03/2022,2022,48,United States,0-17 years,9.0,23.0,26.0
11/27/2022,12/03/2022,2022,48,United States,18-64 years,313.0,849.0,249.0
11/27/2022,12/03/2022,2022,48,United States,65 years and over,2271.0,3782.0,576.0
12/04/2022,12/10/2022,2022,49,United States,All Ages,3035.0,4976.0,1026.0
12/04/2022,12/10/2022,2022,49,United States,0-17 years,5.0,21.0,16.0
12/04/2022,12/10/2022,2022,49,United States,18-64 years,384.0,895.0,286.0
12/04/2022,12/10/2022,2022,49,United States,65 years and over,2646.0,4060.0,724.0
12/11/2022,12/17/2022,2022,50,United States,All Ages,3186.0,4943.0,1048.0
12/11/2022,12/17/2022,2022,50,United States,0-17 years,8.0,14.0,24.0
12/11/2022,12/17/2022,2022,50,United States,18-64 years,410.0,894.0,237.0
12/11/2022,12/17/2022,2022,50,United States,65 years and over,2768.0,4035.0,787.0
12/18/2022,12/24/2022,2022,51,United States,All Ages,3318.0,4991.0,952.0
12/18/2022,12/24/2022,2022,51,United States,0-17 years,15.0,28.0,17.0
12/18/2022,12/24/2022,2022,51,United States,18-64 years,432.0,879.0,232.0
12/18/2022,12/24/2022,2022,51,United States,65 years and over,2871.0,4084.0,703.0
12/25/2022,12/31/2022,2022,52,United States,All Ages,3657.0,5427.0,991.0
12/25/2022,12/31/2022,2022,52,United States,0-17 years,11.0,27.0,11.0
12/25/2022,12/31/2022,2022,52,United States,18-64 years,472.0,932.0,226.0
12/25/2022,12/31/2022,2022,52,United States,65 years and over,3174.0,4468.0,754.0
01/01/2023,01/07/2023,2023,1,United States,All Ages,3866.0,5508.0,887.0
01/01/2023,01/07/2023,2023,1,United States,0-17 years,12.0,24.0,10.0
01/01/2023,01/07/2023,2023,1,United States,18-64 years,483.0,965.0,180.0
01/01/2023,01/07/2023,2023,1,United States,65 years and over,3371.0,4519.0,697.0
01/08/2023,01/14/2023,2023,2,United States,All Ages,3684.0,5184.0,628.0
01/08/2023,01/14/2023,2023,2,United States,0-17 years,10.0,23.0,13.0
01/08/2023,01/14/2023,2023,2,United States,18-64 years,449.0,909.0,144.0
01/08/2023,01/14/2023,2023,2,United States,65 years and over,3225.0,4252.0,471.0
01/15/2023,01/21/2023,2023,3,United States,All Ages,3241.0,5005.0,389.0
01/15/2023,01/21/2023,2023,3,United States,0-17 years,9.0,33.0,4.0
01/15/2023,01/21/2023,2023,3,United States,18-64 years,384.0,869.0,71.0
01/15/2023,01/21/2023,2023,3,United States,65 years and over,2848.0,4103.0,314.0
01/22/2023,01/28/2023,2023,4,United States,All Ages,2905.0,4596.0,273.0
01/22/2023,01/28/2023,2023,4,United States,0-17 years,12.0,21.0,6.0
01/22/2023,01/28/2023,2023,4,United States,18-64 years,365.0,833.0,57.0
01/22/2023,01/28/2023,2023,4,United States,65 years and over,2528.0,3742.0,210.0
01/29/2023,02/04/2023,2023,5,United States,All Ages,2639.0,4466.0,144.0
01/29/2023,02/04/2023,2023,5,United States,0-17 years,3.0,17.0,6.0
01/29/2023,02/04/2023,2023,5,United States,18-64 years,328.0,785.0,27.0
01/29/2023,02/04/2023,2023,5,United States,65 years and over,2308.0,3664.0,111.0
02/05/2023,02/11/2023,2023,6,United States,All Ages,2343.0,4356.0,114.0
02/05/2023,02/11/2023,2023,6,United States,0-17 years,6.0,17.0,1.0
02/05/2023,02/11/2023,2023,6,United States,18-64 years,282.0,720.0,19.0
02/05/2023,02/11/2023,2023,6,United States,65 years and over,2055.0,3619.0,94.0
02/12/2023,02/18/2023,2023,7,United States,All Ages,2097.0,4100.0,118.0
02/12/2023,02/18/2023,2023,7,United States,0-17 years,9.0,20.0,4.0
02/12/2023,02/18/2023,2023,7,United States,18-64 years,286.0,737.0,16.0
02/12/2023,02/18/2023,2023,7,United States,65 years and over,1802.0,3343.0,98.0
02/19/2023,02/25/2023,2023,8,United States,All Ages,2152.0,4129.0,77.0
02/19/2023,02/25/2023,2023,8,United States,0-17 years,8.0,19.0,4.0
02/19/2023,02/25/2023,2023,8,United States,18-64 years,282.0,741.0,12.0
02/19/2023,02/25/2023,2023,8,United States,65 years and over,1862.0,3369.0,61.0
02/26/2023,03/04/2023,2023,9,United States,All Ages,1989.0,3995.0,65.0
02/26/2023,03/04/2023,2023,9,United States,0-17 years,7.0,13.0,4.0
02/26/2023,03/04/2023,2023,9,United States,18-64 years,247.0,740.0,23.0
02/26/2023,03/04/2023,2023,9,United States,65 years and over,1735.0,3242.0,38.0
03/05/2023,03/11/2023,2023,10,United States,All Ages,1848.0,3934.0,55.0
03/05/2023,03/11/2023,2023,10,United States,0-17 years,6.0,26.0,0.0
03/05/2023,03/11/2023,2023,10,United States,18-64 years,206.0,706.0,15.0
03/05/2023,03/11/2023,2023,10,United States,65 years and over,1636.0,3202.0,40.0
03/12/2023,03/18/2023,2023,11,United States,All Ages,1761.0,3832.0,55.0
03/12/2023,03/18/2023,2023,11,United States,0-17 years,7.0,23.0,3.0
03/12/2023,03/18/2023,2023,11,United States,18-64 years,200.0,656.0,8.0
03/12/2023,03/18/2023,2023,11,United States,65 years and over,1554.0,3153.0,44.0
03/19/2023,03/25/2023,2023,12,United States,All Ages,1665.0,3904.0,53.0
03/19/2023,03/25/2023,2023,12,United States,0-17 years,6.0,16.0,2.0
03/19/2023,03/25/2023,2023,12,United States,18-64 years,201.0,705.0,11.0
03/19/2023,03/25/2023,2023,12,United States,65 years and over,1458.0,3183.0,40.0
03/26/2023,04/01/2023,2023,13,United States,All Ages,1442.0,3661.0,45.0
03/26/2023,04/01/2023,2023,13,United States,0-17 years,7.0,16.0,0.0
03/26/2023,04/01/2023,2023,13,United States,18-64 years,169.0,669.0,9.0
03/26/2023,04/01/2023,2023,13,United States,65 years and over,1266.0,2976.0,36.0
04/02/2023,04/08/2023,2023,14,United States,All Ages,1367.0,3666.0,45.0
04/02/2023,04/08/2023,2023,14,United States,0-17 years,3.0,22.0,0.0
04/02/2023,04/08/2023,2023,14,United States,18-64 years,175.0,719.0,8.0
04/02/2023,04/08/2023,2023,14,United States,65 years and over,1189.0,2925.0,37.0
04/09/2023,04/15/2023,2023,15,United States,All Ages,1216.0,3581.0,41.0
04/09/2023,04/15/2023,2023,15,United States,0-17 years,0.0,17.0,2.0
04/09/2023,04/15/2023,2023,15,United States,18-64 years,143.0,708.0,11.0
04/09/2023,04/15/2023,2023,15,United States,65 years and over,1073.0,2856.0,28.0
04/16/2023,04/22/2023,2023,16,United States,All Ages,1190.0,3713.0,34.0
04/16/2023,04/22/2023,2023,16,United States,0-17 years,1.0,13.0,0.0
04/16/2023,04/22/2023,2023,16,United States,18-64 years,136.0,702.0,6.0
04/16/2023,04/22/2023,2023,16,United States,65 years and over,1053.0,2998.0,28.0
04/23/2023,04/29/2023,2023,17,United States,All Ages,1020.0,3500.0,41.0
04/23/2023,04/29/2023,2023,17,United States,0-17 years,2.0,14.0,2.0
04/23/2023,04/29/2023,2023,17,United States,18-64 years,122.0,653.0,7.0
04/23/2023,04/29/2023,2023,17,United States,65 years and over,896.0,2833.0,32.0
04/30/2023,05/06/2023,2023,18,United States,All Ages,939.0,3333.0,36.0
04/30/2023,05/06/2023,2023,18,United States,0-17 years,3.0,21.0,0.0
04/30/2023,05/06/2023,2023,18,United States,18-64 years,117.0,663.0,14.0
04/30/2023,05/06/2023,2023,18,United States,65 years and over,819.0,2649.0,22.0
05/07/2023,05/13/2023,2023,19,United States,All Ages,832.0,3351.0,36.0
05/07/2023,05/13/2023,2023,19,United States,0-17 years,5.0,15.0,3.0
05/07/2023,05/13/2023,2023,19,United States,18-64 years,110.0,634.0,7.0
05/07/2023,05/13/2023,2023,19,United States,65 years and over,717.0,2702.0,26.0
05/14/2023,05/20/2023,2023,20,United States,All Ages,755.0,3209.0,33.0
05/14/2023,05/20/2023,2023,20,United States,0-17 years,1.0,20.0,0.0
05/14/2023,05/20/2023,2023,20,United States,18-64 years,82.0,614.0,7.0
05/14/2023,05/20/2023,2023,20,United States,65 years and over,672.0,2575.0,26.0
05/21/2023,05/27/2023,2023,21,United States,All Ages,735.0,3239.0,34.0
05/21/2023,05/27/2023,2023,21,United States,0-17 years,1.0,14.0,3.0
05/21/2023,05/27/2023,2023,21,United States,18-64 years,99.0,624.0,6.0
05/21/2023,05/27/2023,2023,21,United States,65 years and over,635.0,2601.0,25.0
05/28/2023,06/03/2023,2023,22,United States,All Ages,685.0,3142.0,41.0
05/28/2023,06/03/2023,2023,22,United States,0-17 years,4.0,20.0,1.0
05/28/2023,06/03/2023,2023,22,United States,18-64 years,95.0,639.0,9.0
05/28/2023,06/03/2023,2023,22,United States,65 years and over,586.0,2483.0,31.0
06/04/2023,06/10/2023,2023,23,United States,All Ages,630.0,3159.0,29.0
06/04/2023,06/10/2023,2023,23,United States,0-17 years,2.0,14.0,2.0
06/04/2023,06/10/2023,2023,23,United States,18-64 years,96.0,623.0,6.0
06/04/2023,06/10/2023,2023,23,United States,65 years and over,532.0,2522.0,21.0
06/11/2023,06/17/2023,2023,24,United States,All Ages,606.0,2946.0,29.0
06/11/2023,06/17/2023,2023,24,United States,0-17 years,4.0,20.0,1.0
06/11/2023,06/17/2023,2023,24,United States,18-64 years,67.0,554.0,6.0
06/11/2023,06/17/2023,2023,24,United States,65 years and over,535.0,2372.0,22.0
06/18/2023,06/24/2023,2023,25,United States,All Ages,575.0,3075.0,28.0
06/18/2023,06/24/2023,2023,25,United States,0-17 years,0.0,7.0,1.0
06/18/2023,06/24/2023,2023,25,United States,18-64 years,59.0,584.0,5.0
06/18/2023,06/24/2023,2023,25,United States,65 years and over,516.0,2484.0,22.0
06/25/2023,07/01/2023,2023,26,United States,All Ages,538.0,2854.0,23.0
06/25/2023,07/01/2023,2023,26,United States,0-17 years,1.0,17.0,1.0
06/25/2023,07/01/2023,2023,26,United States,18-64 years,64.0,576.0,3.0
06/25/2023,07/01/2023,2023,26,United States,65 years and over,473.0,2261.0,19.0
07/02/2023,07/08/2023,2023,27,United States,All Ages,485.0,2917.0,32.0
07/02/2023,07/08/2023,2023,27,United States,0-17 years,2.0,9.0,2.0
07/02/2023,07/08/2023,2023,27,United States,18-64 years,59.0,585.0,8.0
07/02/2023,07/08/2023,2023,27,United States,65 years and over,424.0,2323.0,22.0
07/09/2023,07/15/2023,2023,28,United States,All Ages,505.0,2838.0,21.0
07/09/2023,07/15/2023,2023,28,United States,0-17 years,1.0,5.0,1.0
07/09/2023,07/15/2023,2023,28,United States,18-64 years,71.0,551.0,7.0
07/09/2023,07/15/2023,2023,28,United States,65 years and over,433.0,2282.0,13.0
07/16/2023,07/22/2023,2023,29,United States,All Ages,534.0,2740.0,15.0
07/16/2023,07/22/2023,2023,29,United States,0-17 years,1.0,9.0,0.0
07/16/2023,07/22/2023,2023,29,United States,18-64 years,67.0,529.0,4.0
07/16/2023,07/22/2023,2023,29,United States,65 years and over,466.0,2202.0,11.0
07/23/2023,07/29/2023,2023,30,United States,All Ages,540.0,2816.0,12.0
07/23/2023,07/29/2023,2023,30,United States,0-17 years,3.0,6.0,0.0
07/23/2023,07/29/2023,2023,30,United States,18-64 years,53.0,550.0,3.0
07/23/2023,07/29/2023,2023,30,United States,65 years and over,484.0,2260.0,9.0
07/30/2023,08/05/2023,2023,31,United States,All Ages,665.0,2891.0,28.0
07/30/2023,08/05/2023,2023,31,United States,0-17 years,2.0,12.0,0.0
07/30/2023,08/05/2023,2023,31,United States,18-64 years,63.0,523.0,9.0
07/30/2023,08/05/2023,2023,31,United States,65 years and over,600.0,2356.0,19.0
08/06/2023,08/12/2023,2023,32,United States,All Ages,744.0,2918.0,19.0
08/06/2023,08/12/2023,2023,32,United States,0-17 years,5.0,6.0,0.0
08/06/2023,08/12/2023,2023,32,United States,18-64 years,102.0,552.0,5.0
08/06/2023,08/12/2023,2023,32,United States,65 years and over,637.0,2360.0,14.0
08/13/2023,08/19/2023,2023,33,United States,All Ages,905.0,2973.0,22.0
08/13/2023,08/19/2023,2023,33,United States,0-17 years,4.0,7.0,0.0
08/13/2023,08/19/2023,2023,33,United States,18-64 years,120.0,573.0,6.0
08/13/2023,08/19/2023,2023,33,United States,65 years and over,781.0,2393.0,16.0
08/20/2023,08/26/2023,2023,34,United States,All Ages,1028.0,3024.0,22.0
08/20/2023,08/26/2023,2023,34,United States,0-17 years,2.0,10.0,0.0
08/20/2023,08/26/2023,2023,34,United States,18-64 years,117.0,537.0,2.0
08/20/2023,08/26/2023,2023,34,United States,65 years and over,909.0,2477.0,20.0
08/27/2023,09/02/2023,2023,35,United States,All Ages,1159.0,3074.0,18.0
08/27/2023,09/02/2023,2023,35,United States,0-17 years,2.0,4.0,0.0
08/27/2023,09/02/2023,2023,35,United States,18-64 years,119.0,527.0,3.0
08/27/2023,09/02/2023,2023,35,United States,65 years and over,1038.0,2543.0,15.0
09/03/2023,09/09/2023,2023,36,United States,All Ages,1270.0,3236.0,31.0
09/03/2023,09/09/2023,2023,36,United States,0-17 years,2.0,5.0,0.0
09/03/2023,09/09/2023,2023,36,United States,18-64 years,147.0,596.0,8.0
09/03/2023,09/09/2023,2023,36,United States,65 years and over,1121.0,2635.0,23.0
09/10/2023,09/16/2023,2023,37,United States,All Ages,1356.0,3271.0,36.0
09/10/2023,09/16/2023,2023,37,United States,0-17 years,1.0,5.0,1.0
09/10/2023,09/16/2023,2023,37,United States,18-64 years,141.0,559.0,12.0
09/10/2023,09/16/2023,2023,37,United States,65 years and over,1214.0,2707.0,23.0
09/17/2023,09/23/2023,2023,38,United States,All Ages,1362.0,3117.0,24.0
09/17/2023,09/23/2023,2023,38,United States,0-17 years,2.0,4.0,1.0
09/17/2023,09/23/2023,2023,38,United States,18-64 years,154.0,532.0,4.0
09/17/2023,09/23/2023,2023,38,United States,65 years and over,1206.0,2581.0,19.0
09/24/2023,09/30/2023,2023,39,United States,All Ages,1369.0,3225.0,29.0
09/24/2023,09/30/2023,2023,39,United States,0-17 years,3.0,5.0,0.0
09/24/2023,09/30/2023,2023,39,United States,18-64 years,140.0,547.0,7.0
09/24/2023,09/30/2023,2023,39,United States,65 years and over,1226.0,2673.0,22.0
10/01/2023,10/07/2023,2023,40,United States,All Ages,1262.0,3016.0,23.0
10/01/2023,10/07/2023,2023,40,United States,0-17 years,2.0,3.0,1.0
10/01/2023,10/07/2023,2023,40,United States,18-64 years,125.0,472.0,6.0
10/01/2023,10/07/2023,2023,40,United States,65 years and over,1135.0,2541.0,16.0
10/08/2023,10/14/2023,2023,41,United States,All Ages,1143.0,2938.0,27.0
10/08/2023,10/14/2023,2023,41,United States,0-17 years,1.0,8.0,0.0
10/08/2023,10/14/2023,2023,41,United States,18-64 years,123.0,418.0,7.0
10/08/2023,10/14/2023,2023,41,United States,65 years and over,1019.0,2512.0,20.0
10/15/2023,10/21/2023,2023,42,United States,All Ages,1011.0,2348.0,38.0
10/15/2023,10/21/2023,2023,42,United States,0-17 years,1.0,4.0,1.0
10/15/2023,10/21/2023,2023,42,United States,18-64 years,68.0,320.0,10.0
10/15/2023,10/21/2023,2023,42,United States,65 years and over,942.0,2024.0,27.0
10/22/2023,10/28/2023,2023,43,United States,All Ages,596.0,1434.0,14.0
10/22/2023,10/28/2023,2023,43,United States,0-17 years,1.0,0.0,0.0
10/22/2023,10/28/2023,2023,43,United States,18-64 years,45.0,194.0,3.0
10/22/2023,10/28/2023,2023,43,United States,65 years and over,550.0,1240.0,11.0
